,NGA,RelTime,SPC1,PolPop,PolTerr,CapPop,levels,government,infrastr,writing,texts,money
0,Konya Plain,0,0.584207148,4.895143011,4.309284982,3.958916644,2.946330783,0.36,0.777777778,0.95,1.0,2.7
1,Konya Plain,100,0.584207148,4.895143011,4.309284982,3.958916644,2.946330783,0.36,0.777777778,0.95,1.0,2.7
2,Konya Plain,200,0.584207148,4.895143011,4.309284982,3.958916644,2.946330783,0.36,0.777777778,0.95,1.0,2.7
3,Konya Plain,300,0.584207148,4.895143011,4.309284982,3.958916644,2.946330783,0.36,0.777777778,0.95,1.0,2.7
4,Konya Plain,400,0.666109699,6.016334342,4.802041988,4.047458936,4.280181205,0.875,0.766666667,0.714285714,0.833333333,3.0
5,Konya Plain,500,0.688037193,5.523646943,5.191379084,4.199544712,4.333333333,0.8625,0.79,0.8,0.966666667,3.0
6,Konya Plain,600,0.678982186,5.523646943,4.723020072,4.199544712,4.333333333,0.8625,0.79,0.8,0.966666667,3.0
7,Konya Plain,700,0.69336631,6.145872318,5.496928773,4.184149555,4.451099555,0.9,0.727272727,0.714285714,0.833333333,3.0
8,Konya Plain,800,0.694619228,6.145872318,5.554301882,4.184149555,4.451099555,0.9,0.727272727,0.714285714,0.833333333,3.0
9,Konya Plain,900,0.605397714,5.169790821,2.644605105,4.122699416,3.666666667,0.916666667,0.75,0.95,0.7,2.7
10,Konya Plain,1000,0.605397714,5.169790821,2.644605105,4.122699416,3.666666667,0.916666667,0.75,0.95,0.7,2.7
11,Konya Plain,1100,0.600754195,5.038191807,3.566163791,4.477832357,3.410722062,0.7,0.9,0.966666667,0.9,1.0
12,Konya Plain,1200,0.637261443,6.111619316,5.0,4.263790133,3.731224351,0.9,0.7375,0.783333333,0.8,1.0
13,Konya Plain,1300,0.637261443,6.111619316,5.0,4.263790133,3.731224351,0.9,0.7375,0.783333333,0.8,1.0
14,Konya Plain,1400,0.763213754,5.708982946,5.397940009,4.331729493,4.228775426,0.74,0.925,0.78,0.971428571,5.0
15,Konya Plain,1500,0.887021376,7.333008823,6.740362689,5.301029996,6.185276146,0.972727273,0.891666667,0.828571429,0.925,5.0
16,Konya Plain,1600,0.884931562,7.452026836,6.579783597,5.301029996,6.185276146,0.972727273,0.891666667,0.828571429,0.925,5.0
17,Konya Plain,1700,0.746792056,6.402521899,5.62324929,4.751994695,4.135290295,0.725,0.83,0.816666667,0.9125,5.0
18,Konya Plain,1800,0.778294628,4.802415616,5.447158031,4.82525317,5.479804078,0.9875,0.9,0.828571429,0.9375,5.0
19,Konya Plain,1900,0.678603227,5.518728332,5.113943352,4.100370253,4.0,0.6625,0.68,0.8,0.9,5.0
20,Konya Plain,2000,0.926778876,7.698970004,6.653212514,6.032370081,8.174936886,0.645454545,0.991666667,0.833333333,1.0,5.0
21,Konya Plain,2100,0.931204977,7.721346318,6.763427994,6.059856612,8.174936886,0.645454545,0.991666667,0.833333333,1.0,5.0
22,Konya Plain,2200,0.929826614,7.820478362,6.698970004,6.0,8.174936886,0.645454545,0.991666667,0.833333333,1.0,5.0
23,Sogdiana,0,0.887021376,7.333008823,6.740362689,5.301029996,6.185276146,0.972727273,0.891666667,0.828571429,0.925,5.0
24,Sogdiana,100,0.884931562,7.452026836,6.579783597,5.301029996,6.185276146,0.972727273,0.891666667,0.828571429,0.925,5.0
25,Sogdiana,200,0.85419066,7.204119983,6.556302501,4.82525317,5.479804078,0.9875,0.9,0.828571429,0.9375,5.0
26,Sogdiana,300,0.765870426,7.160388688,5.899076538,4.430356391,4.0,0.7625,0.8,0.814285714,0.9375,5.0
27,Sogdiana,400,0.684295704,7.131412166,4.041423741,5.188966847,2.850328263,0.5,0.644444444,0.94,0.9,5.0
28,Sogdiana,500,0.619264747,4.987384242,4.041423741,3.9658069,2.850328263,0.5,0.644444444,0.94,0.9,5.0
29,Paris Basin,-100,0.451406059,4.862608751,3.096910013,1.698970004,3.666666667,0.327272727,0.609090909,0.925,0.1,5.0
30,Paris Basin,0,0.499566954,4.862608751,3.096910013,3.330488558,3.666666667,0.327272727,0.609090909,0.925,0.1,5.0
31,Paris Basin,100,0.554045252,4.883541279,4.176091259,3.941182552,3.687121686,0.388888889,0.654545455,0.925,0.1,5.0
32,Paris Basin,200,0.926778876,7.698970004,6.653212514,6.032370081,8.174936886,0.645454545,0.991666667,0.833333333,1.0,5.0
33,Paris Basin,300,0.931204977,7.721346318,6.763427994,6.059856612,8.174936886,0.645454545,0.991666667,0.833333333,1.0,5.0
34,Paris Basin,400,0.929826614,7.820478362,6.698970004,6.0,8.174936886,0.645454545,0.991666667,0.833333333,1.0,5.0
35,Central Java,0,0.669788918,5.473757613,5.091726252,3.0,3.206344551,0.825,0.866666667,0.816666667,0.96,5.0
36,Central Java,100,0.675778444,5.473757613,5.091726252,3.0,3.539677884,0.825,0.866666667,0.816666667,0.96,5.0
37,Central Java,200,0.675778444,5.473757613,5.091726252,3.0,3.539677884,0.825,0.866666667,0.816666667,0.96,5.0
38,Central Java,300,0.713342492,5.434673806,4.825109165,4.931537774,4.333333333,0.8375,0.866666667,0.816666667,0.94,5.0
39,Central Java,400,0.725270514,5.396515931,4.825109165,5.429641968,4.333333333,0.8375,0.866666667,0.816666667,0.94,5.0
40,Central Java,500,0.788712149,6.698970004,5.698970004,5.03406164,4.333333333,0.89,0.95,0.816666667,0.95,4.0
41,Central Java,600,0.788712149,6.698970004,5.698970004,5.03406164,4.333333333,0.89,0.95,0.816666667,0.95,4.0
42,Central Java,700,0.788712149,6.698970004,5.698970004,5.03406164,4.333333333,0.89,0.95,0.816666667,0.95,4.0
43,Latium,-2900,0.15737526,3.674633937,2.928588145,2.472720123,1.0,0.009090909,0.027272727,0.216666667,0.0875,0.9
44,Latium,-2800,0.15737526,3.674633937,2.928588145,2.472720123,1.0,0.009090909,0.027272727,0.216666667,0.0875,0.9
45,Latium,-2700,0.15737526,3.674633937,2.928588145,2.472720123,1.0,0.009090909,0.027272727,0.216666667,0.0875,0.9
46,Latium,-2600,0.15737526,3.674633937,2.928588145,2.472720123,1.0,0.009090909,0.027272727,0.216666667,0.0875,0.9
47,Latium,-2500,0.15737526,3.674633937,2.928588145,2.472720123,1.0,0.009090909,0.027272727,0.216666667,0.0875,0.9
48,Latium,-2400,0.15737526,3.674633937,2.928588145,2.472720123,1.0,0.009090909,0.027272727,0.216666667,0.0875,0.9
49,Latium,-2300,0.15737526,3.674633937,2.928588145,2.472720123,1.0,0.009090909,0.027272727,0.216666667,0.0875,0.9
50,Latium,-2200,0.15737526,3.674633937,2.928588145,2.472720123,1.0,0.009090909,0.027272727,0.216666667,0.0875,0.9
51,Latium,-2100,0.15737526,3.674633937,2.928588145,2.472720123,1.0,0.009090909,0.027272727,0.216666667,0.0875,0.9
52,Latium,-2000,0.15737526,3.674633937,2.928588145,2.472720123,1.0,0.009090909,0.027272727,0.216666667,0.0875,0.9
53,Latium,-1900,0.15737526,3.674633937,2.928588145,2.472720123,1.0,0.009090909,0.027272727,0.216666667,0.0875,0.9
54,Latium,-1800,0.15737526,3.674633937,2.928588145,2.472720123,1.0,0.009090909,0.027272727,0.216666667,0.0875,0.9
55,Latium,-1700,0.15737526,3.674633937,2.928588145,2.472720123,1.0,0.009090909,0.027272727,0.216666667,0.0875,0.9
56,Latium,-1600,0.15737526,3.674633937,2.928588145,2.472720123,1.0,0.009090909,0.027272727,0.216666667,0.0875,0.9
57,Latium,-1500,0.15737526,3.674633937,2.928588145,2.472720123,1.0,0.009090909,0.027272727,0.216666667,0.0875,0.9
58,Latium,-1400,0.15737526,3.674633937,2.928588145,2.472720123,1.0,0.009090909,0.027272727,0.216666667,0.0875,0.9
59,Latium,-1300,0.15737526,3.674633937,2.928588145,2.472720123,1.0,0.009090909,0.027272727,0.216666667,0.0875,0.9
60,Latium,-1200,0.15737526,3.674633937,2.928588145,2.472720123,1.0,0.009090909,0.027272727,0.216666667,0.0875,0.9
61,Latium,-1100,0.096128156,2.425008025,2.804132386,1.222921831,1.079413787,0.009090909,0.027272727,0.216666667,0.0875,0.9
62,Latium,-1000,0.096128156,2.425008025,2.804132386,1.222921831,1.079413787,0.009090909,0.027272727,0.216666667,0.0875,0.9
63,Latium,-900,0.096128156,2.425008025,2.804132386,1.222921831,1.079413787,0.009090909,0.027272727,0.216666667,0.0875,0.9
64,Latium,-800,0.096128156,2.425008025,2.804132386,1.222921831,1.079413787,0.009090909,0.027272727,0.216666667,0.0875,0.9
65,Latium,-700,0.096128156,2.425008025,2.804132386,1.222921831,1.079413787,0.009090909,0.027272727,0.216666667,0.0875,0.9
66,Latium,-600,0.096128156,2.425008025,2.804132386,1.222921831,1.079413787,0.009090909,0.027272727,0.216666667,0.0875,0.9
67,Latium,-500,0.140222167,2.87959963,1.672071746,2.254235342,1.079413787,0.009090909,0.027272727,0.216666667,0.0875,0.9
68,Latium,-400,0.140222167,2.87959963,1.672071746,2.254235342,1.079413787,0.009090909,0.027272727,0.216666667,0.0875,0.9
69,Latium,-300,0.183183681,3.780003673,2.912764977,2.254235342,1.69583685,0.090909091,0.15,0.233333333,0.0875,1.0
70,Latium,-200,0.183183681,3.780003673,2.912764977,2.254235342,1.69583685,0.090909091,0.15,0.233333333,0.0875,1.0
71,Latium,-100,0.189265763,3.38581496,3.633476467,2.38929643,1.69583685,0.090909091,0.15,0.233333333,0.0875,1.0
72,Latium,0,0.541341689,4.468556498,3.0,3.699585852,3.5240901,0.172727273,0.566666667,1.0,0.975,4.0
73,Latium,100,0.558733984,4.468556498,3.0,4.365915004,3.5240901,0.254545455,0.566666667,1.0,0.975,4.0
74,Latium,200,0.597863711,5.0,3.0,4.477121255,3.666666667,0.363636364,0.658333333,0.833333333,0.95,5.0
75,Latium,300,0.605252141,5.176091259,3.0,4.477121255,3.666666667,0.454545455,0.658333333,0.833333333,0.95,5.0
76,Latium,400,0.676971203,5.865116468,4.44263214,4.752063399,4.666666667,0.454545455,0.658333333,0.833333333,0.95,5.0
77,Latium,500,0.761244139,6.56775085,5.86332286,5.322219295,4.790273818,0.363636364,0.833333333,0.833333333,0.975,5.0
78,Latium,600,0.82188895,7.464039891,6.544068044,5.602059991,5.724447285,0.463636364,0.833333333,0.833333333,1.0,5.0
79,Latium,700,0.926778876,7.698970004,6.653212514,6.032370081,8.174936886,0.645454545,0.991666667,0.833333333,1.0,5.0
80,Latium,800,0.931204977,7.721346318,6.763427994,6.059856612,8.174936886,0.645454545,0.991666667,0.833333333,1.0,5.0
81,Latium,900,0.929826614,7.820478362,6.698970004,6.0,8.174936886,0.645454545,0.991666667,0.833333333,1.0,5.0
82,Kansai,-100,0.474898734,5.252793553,3.698758651,4.187032003,3.063673651,0.557142857,0.525,0.233333333,0.1875,4.0
83,Kansai,0,0.534590675,5.463875952,3.698758651,4.076258406,3.368678523,0.557142857,0.525,0.333333333,0.525,4.0
84,Kansai,100,0.581717145,5.486327393,3.698758651,4.323918143,3.368678523,0.557142857,0.625,0.833333333,0.65,4.0
85,Kansai,200,0.746240665,6.23413441,5.118778226,4.741330548,4.545572451,0.87,0.77,0.85,0.983333333,5.0
86,Kansai,300,0.763180667,6.368928701,5.118778226,5.474630102,4.545572451,0.87,0.77,0.85,0.983333333,5.0
87,Kansai,400,0.816838575,6.602059991,5.538920381,5.301029996,4.532506503,0.89,0.833333333,1.0,1.0,5.0
88,Kansai,500,0.81897316,6.737128653,5.538920381,5.301029996,4.532506503,0.89,0.833333333,1.0,1.0,5.0
89,Kansai,600,0.816802571,6.660257286,5.538920381,5.243038049,4.532506503,0.89,0.833333333,1.0,1.0,5.0
90,Kansai,700,0.81879064,6.764556147,5.538920381,5.243038049,4.532506503,0.89,0.833333333,1.0,1.0,5.0
91,Kansai,800,0.803606018,6.789821821,5.469822016,5.276922068,5.028293525,0.736363636,0.909090909,1.0,0.975,4.0
92,Kansai,900,0.802764411,6.776874036,5.469822016,5.116089261,5.028293525,0.736363636,0.909090909,1.0,0.975,4.0
93,Kansai,1000,0.819799612,7.096910013,5.469822016,5.176091259,5.909872364,0.69,0.916666667,1.0,0.9875,4.0
94,Kansai,1100,0.746661419,7.230448921,4.176091259,4.602059991,5.083770907,0.49,0.84,0.985714286,0.925,5.0
95,Kansai,1200,0.824980001,7.397940009,5.469822016,5.0,5.24495594,0.71,0.925,0.983333333,0.9875,5.0
96,Kansai,1300,0.923082938,7.462397998,5.469822016,6.113943352,6.534359002,0.857142857,1.0,1.0,1.0,6.0
97,Kansai,1400,0.924962176,7.505149978,5.469822016,6.146128036,6.534359002,0.857142857,1.0,1.0,1.0,6.0
98,Orkhon Valley,-200,0.430236291,5.579532352,6.602059991,3.9286318,3.326129762,0.281818182,0.175,0.233333333,0.1,1.0
99,Orkhon Valley,-100,0.430236291,5.579532352,6.602059991,3.9286318,3.326129762,0.281818182,0.175,0.233333333,0.1,1.0
100,Orkhon Valley,0,0.520649178,5.579532352,6.602059991,3.705819063,3.326129762,0.281818182,0.2875,0.766666667,0.4875,1.0
101,Orkhon Valley,100,0.60090941,5.685962239,6.658149571,4.059387574,3.286512114,0.327272727,0.328571429,0.8,0.9,4.0
102,Orkhon Valley,200,0.596966926,5.627382854,6.520500423,4.550521787,3.045309787,0.34,0.4,0.8,0.666666667,4.0
103,Upper Egypt,-1300,0.151831804,2.155354857,3.469650438,1.825387878,1.069412609,0.1,0.245454545,0.228571429,0.1,0.9
104,Upper Egypt,-1200,0.151831804,2.155354857,3.469650438,1.825387878,1.069412609,0.1,0.245454545,0.228571429,0.1,0.9
105,Upper Egypt,-1100,0.151831804,2.155354857,3.469650438,1.825387878,1.069412609,0.1,0.245454545,0.228571429,0.1,0.9
106,Upper Egypt,-1000,0.151831804,2.155354857,3.469650438,1.825387878,1.069412609,0.1,0.245454545,0.228571429,0.1,0.9
107,Upper Egypt,-900,0.151831804,2.155354857,3.469650438,1.825387878,1.069412609,0.1,0.245454545,0.228571429,0.1,0.9
108,Upper Egypt,-800,0.151831804,2.155354857,3.469650438,1.825387878,1.069412609,0.1,0.245454545,0.228571429,0.1,0.9
109,Upper Egypt,-700,0.174698163,2.064087318,1.215576585,1.888813959,2.061205281,0.1,0.318181818,0.25,0.1,3.0
110,Upper Egypt,-600,0.312389862,3.987022162,3.77114498,3.04059473,2.247513193,0.1,0.318181818,0.25,0.1,3.0
111,Upper Egypt,-500,0.348164483,4.548768068,3.77114498,4.113943352,2.394538614,0.1,0.318181818,0.25,0.1,3.0
112,Upper Egypt,-400,0.389162155,4.113943352,4.269327676,3.69526637,2.326862452,0.163636364,0.366666667,0.483333333,0.1,3.0
113,Upper Egypt,-300,0.405379961,4.698970004,4.269327676,3.69526637,2.326862452,0.254545455,0.366666667,0.483333333,0.1,3.0
114,Upper Egypt,-200,0.440667126,4.698970004,3.924065892,4.137324636,2.321322484,0.227272727,0.390909091,0.65,0.391673707,3.0
115,Upper Egypt,-100,0.446453908,4.698970004,3.924065892,4.137324636,2.321322484,0.218181818,0.390909091,0.65,0.50024518,3.0
116,Upper Egypt,0,0.587768498,6.016363423,5.014811943,4.019438989,4.158252777,0.245454545,0.727272727,0.833333333,0.542857143,2.7
117,Upper Egypt,100,0.587768498,6.016363423,5.014811943,4.019438989,4.158252777,0.245454545,0.727272727,0.833333333,0.542857143,2.7
118,Upper Egypt,200,0.585600676,6.069928313,5.0,4.029784862,3.85709698,0.254545455,0.727272727,0.816666667,0.7,2.7
119,Upper Egypt,300,0.594301319,6.069928313,5.426511261,4.029784862,3.85709698,0.254545455,0.727272727,0.816666667,0.7,2.7
120,Upper Egypt,400,0.59533374,6.069928313,5.477121255,4.029784862,3.85709698,0.254545455,0.727272727,0.816666667,0.7,2.7
121,Upper Egypt,500,0.700498393,6.140858337,5.463125716,4.698970004,5.310936358,0.58,0.741666667,0.833333333,0.95,2.7
122,Upper Egypt,600,0.700498393,6.140858337,5.463125716,4.698970004,5.310936358,0.58,0.741666667,0.833333333,0.95,2.7
123,Upper Egypt,700,0.700498393,6.140858337,5.463125716,4.698970004,5.310936358,0.58,0.741666667,0.833333333,0.95,2.7
124,Upper Egypt,800,0.703382928,6.176091259,5.19743168,4.507365033,5.10715283,0.67,0.666666667,0.833333333,0.8625,2.7
125,Upper Egypt,900,0.703382928,6.176091259,5.19743168,4.507365033,5.10715283,0.67,0.666666667,0.833333333,0.8625,2.7
126,Upper Egypt,1000,0.593117294,5.539828349,4.084517722,4.325393814,3.472827476,0.78,0.7,0.816666667,0.9125,1.0
127,Upper Egypt,1100,0.7098153,6.368155105,5.376576957,4.477121255,4.755322347,0.7,0.741666667,0.833333333,1.0,2.7
128,Upper Egypt,1200,0.714698406,6.368155105,5.615950052,4.477121255,4.755322347,0.7,0.741666667,0.833333333,1.0,2.7
129,Upper Egypt,1300,0.715458544,6.368155105,5.653212514,4.477121255,4.755322347,0.7,0.741666667,0.833333333,1.0,2.7
130,Upper Egypt,1400,0.66355083,5.468378237,4.100261341,4.811220374,5.417666089,0.645454545,0.65,0.833333333,0.98,2.7
131,Upper Egypt,1500,0.66355083,5.468378237,4.100261341,4.811220374,5.417666089,0.645454545,0.65,0.833333333,0.98,2.7
132,Upper Egypt,1600,0.758906095,6.525044807,5.812913357,4.77815125,5.789788843,0.790909091,0.75,0.833333333,0.9875,2.7
133,Upper Egypt,1700,0.765500447,6.525044807,5.954242509,4.903089987,5.789788843,0.790909091,0.75,0.833333333,0.9875,2.7
134,Upper Egypt,1800,0.76643388,6.525044807,6.0,4.903089987,5.789788843,0.790909091,0.75,0.833333333,0.9875,2.7
135,Upper Egypt,1900,0.771421572,6.518352671,5.872738827,5.456056499,5.505585545,0.790909091,0.766666667,0.857142857,0.875,3.0
136,Upper Egypt,2000,0.768990847,6.518352671,5.753583059,5.456056499,5.505585545,0.790909091,0.766666667,0.857142857,0.875,3.0
137,Upper Egypt,2100,0.726817074,6.705785805,5.323404684,5.079181246,4.712371042,0.816666667,0.708333333,0.816666667,0.925,2.7
138,Upper Egypt,2200,0.724250613,6.143561342,5.323404684,5.0,4.712371042,0.816666667,0.708333333,0.816666667,0.925,2.7
139,Upper Egypt,2300,0.724250613,6.143561342,5.323404684,5.0,4.712371042,0.816666667,0.708333333,0.816666667,0.925,2.7
140,Cuzco,-100,0.374144584,4.400131952,3.373532691,4.658418296,4.0,0.41,0.61,0.033333333,0.0,1.0
141,Cuzco,0,0.594645533,7.331048374,6.105330115,4.67839363,5.591314254,0.581818182,0.758333333,0.428571429,0.0,1.8
142,Cuzco,100,0.602291323,6.871990775,6.105330115,4.67839363,5.591314254,0.581818182,0.758333333,0.428571429,0.0,1.8
143,Middle Yellow River Valley,-3200,0.224902441,4.09560288,2.761695291,2.511716905,1.841694174,0.1,0.18,0.18,0.0,0.5
144,Middle Yellow River Valley,-3100,0.224902441,4.09560288,2.761695291,2.511716905,1.841694174,0.1,0.18,0.18,0.0,0.5
145,Middle Yellow River Valley,-3000,0.224902441,4.09560288,2.761695291,2.511716905,1.841694174,0.1,0.18,0.18,0.0,0.5
146,Middle Yellow River Valley,-2900,0.224902441,4.09560288,2.761695291,2.511716905,1.841694174,0.1,0.18,0.18,0.0,0.5
147,Middle Yellow River Valley,-2800,0.224902441,4.09560288,2.761695291,2.511716905,1.841694174,0.1,0.18,0.18,0.0,0.5
148,Middle Yellow River Valley,-2700,0.224902441,4.09560288,2.761695291,2.511716905,1.841694174,0.1,0.18,0.18,0.0,0.5
149,Middle Yellow River Valley,-2600,0.224902441,4.09560288,2.761695291,2.511716905,1.841694174,0.1,0.18,0.18,0.0,0.5
150,Middle Yellow River Valley,-2500,0.224902441,4.09560288,2.761695291,2.511716905,1.841694174,0.1,0.18,0.18,0.0,0.5
151,Middle Yellow River Valley,-2400,0.224902441,4.09560288,2.761695291,2.511716905,1.841694174,0.1,0.18,0.18,0.0,0.5
152,Middle Yellow River Valley,-2300,0.224902441,4.09560288,2.761695291,2.511716905,1.841694174,0.1,0.18,0.18,0.0,0.5
153,Middle Yellow River Valley,-2200,0.224902441,4.09560288,2.761695291,2.511716905,1.841694174,0.1,0.18,0.18,0.0,0.5
154,Middle Yellow River Valley,-2100,0.224902441,4.09560288,2.761695291,2.511716905,1.841694174,0.1,0.18,0.18,0.0,0.5
155,Middle Yellow River Valley,-2000,0.224902441,4.09560288,2.761695291,2.511716905,1.841694174,0.1,0.18,0.18,0.0,0.5
156,Middle Yellow River Valley,-1900,0.224902441,4.09560288,2.761695291,2.511716905,1.841694174,0.1,0.18,0.18,0.0,0.5
157,Middle Yellow River Valley,-1800,0.224902441,4.09560288,2.761695291,2.511716905,1.841694174,0.1,0.18,0.18,0.0,0.5
158,Middle Yellow River Valley,-1700,0.224902441,4.09560288,2.761695291,2.511716905,1.841694174,0.1,0.18,0.18,0.0,0.5
159,Middle Yellow River Valley,-1600,0.224902441,4.09560288,2.761695291,2.511716905,1.841694174,0.1,0.18,0.18,0.0,0.5
160,Middle Yellow River Valley,-1500,0.224902441,4.09560288,2.761695291,2.511716905,1.841694174,0.1,0.18,0.18,0.0,0.5
161,Middle Yellow River Valley,-1400,0.224902441,4.09560288,2.761695291,2.511716905,1.841694174,0.1,0.18,0.18,0.0,0.5
162,Middle Yellow River Valley,-1300,0.224902441,4.09560288,2.761695291,2.511716905,1.841694174,0.1,0.18,0.18,0.0,0.5
163,Middle Yellow River Valley,-1200,0.4876171,4.953136992,3.183079466,4.531166187,3.338896534,0.216666667,0.6125,0.633333333,0.816126756,2.7
164,Middle Yellow River Valley,-1100,0.4876171,4.953136992,3.183079466,4.531166187,3.338896534,0.216666667,0.6125,0.633333333,0.816126756,2.7
165,Middle Yellow River Valley,-1000,0.4876171,4.953136992,3.183079466,4.531166187,3.338896534,0.216666667,0.6125,0.633333333,0.816126756,2.7
166,Middle Yellow River Valley,-900,0.4876171,4.953136992,3.183079466,4.531166187,3.338896534,0.216666667,0.6125,0.633333333,0.816126756,2.7
167,Middle Yellow River Valley,-800,0.4876171,4.953136992,3.183079466,4.531166187,3.338896534,0.216666667,0.6125,0.633333333,0.816126756,2.7
168,Middle Yellow River Valley,-700,0.4876171,4.953136992,3.183079466,4.531166187,3.338896534,0.216666667,0.6125,0.633333333,0.816126756,2.7
169,Middle Yellow River Valley,-600,0.4876171,4.953136992,3.183079466,4.531166187,3.338896534,0.216666667,0.6125,0.633333333,0.816126756,2.7
170,Middle Yellow River Valley,-500,0.4876171,4.953136992,3.183079466,4.531166187,3.338896534,0.216666667,0.6125,0.633333333,0.816126756,2.7
171,Middle Yellow River Valley,-400,0.4876171,4.953136992,3.183079466,4.531166187,3.338896534,0.216666667,0.6125,0.633333333,0.816126756,2.7
172,Middle Yellow River Valley,-300,0.4876171,4.953136992,3.183079466,4.531166187,3.338896534,0.216666667,0.6125,0.633333333,0.816126756,2.7
173,Middle Yellow River Valley,-200,0.4876171,4.953136992,3.183079466,4.531166187,3.338896534,0.216666667,0.6125,0.633333333,0.816126756,2.7
174,Middle Yellow River Valley,-100,0.4876171,4.953136992,3.183079466,4.531166187,3.338896534,0.216666667,0.6125,0.633333333,0.816126756,2.7
175,Middle Yellow River Valley,0,0.574085666,3.739693039,4.320551624,4.423140729,3.706065688,0.5125,0.6,0.76,0.9,2.0
176,Middle Yellow River Valley,100,0.574085666,3.739693039,4.320551624,4.423140729,3.706065688,0.5125,0.6,0.76,0.9,2.0
177,Middle Yellow River Valley,200,0.655732779,6.371715316,5.564220259,5.964289906,3.627582531,0.3875,0.685714286,0.7,0.9,1.8
178,Middle Yellow River Valley,300,0.655732779,6.371715316,5.564220259,5.964289906,3.627582531,0.3875,0.685714286,0.7,0.9,1.8
179,Middle Yellow River Valley,400,0.655732779,6.371715316,5.564220259,5.964289906,3.627582531,0.3875,0.685714286,0.7,0.9,1.8
180,Middle Yellow River Valley,500,0.655732779,6.371715316,5.564220259,5.964289906,3.627582531,0.3875,0.685714286,0.7,0.9,1.8
181,Middle Yellow River Valley,600,0.702887738,6.698970004,6.0,4.650020018,4.043613377,0.555555556,0.828571429,0.8,0.9,2.7
182,Middle Yellow River Valley,700,0.747458328,6.842433646,5.929418926,4.769397027,5.291640987,0.855555556,0.844444444,0.8,0.95,2.0
183,Middle Yellow River Valley,800,0.749939028,6.698970004,5.929418926,5.0,5.291640987,0.855555556,0.844444444,0.8,0.95,2.0
184,Middle Yellow River Valley,900,0.75958865,7.061861027,5.929418926,5.096910013,5.291640987,0.855555556,0.844444444,0.8,0.95,2.0
185,Middle Yellow River Valley,1000,0.762132679,7.130333768,5.929418926,5.096910013,5.291640987,0.855555556,0.844444444,0.8,0.95,2.0
186,Niger Inland Delta,-900,0.201993575,3.377552007,2.968440728,3.162425793,1.548512019,0.081818182,0.158333333,0.166666667,0.0125,0.9
187,Niger Inland Delta,-800,0.201993575,3.377552007,2.968440728,3.162425793,1.548512019,0.081818182,0.158333333,0.166666667,0.0125,0.9
188,Niger Inland Delta,-700,0.201993575,3.377552007,2.968440728,3.162425793,1.548512019,0.081818182,0.158333333,0.166666667,0.0125,0.9
189,Niger Inland Delta,-600,0.302211858,4.146228763,3.041392685,3.868166742,2.322311347,0.081818182,0.6,0.166666667,0.0125,0.9
190,Niger Inland Delta,-500,0.302211858,4.146228763,3.041392685,3.868166742,2.322311347,0.081818182,0.6,0.166666667,0.0125,0.9
191,Niger Inland Delta,-400,0.302211858,4.146228763,3.041392685,3.868166742,2.322311347,0.081818182,0.6,0.166666667,0.0125,0.9
192,Niger Inland Delta,-300,0.302211858,4.146228763,3.041392685,3.868166742,2.322311347,0.081818182,0.6,0.166666667,0.0125,0.9
193,Niger Inland Delta,-200,0.302211858,4.146228763,3.041392685,3.868166742,2.322311347,0.081818182,0.6,0.166666667,0.0125,0.9
194,Niger Inland Delta,-100,0.378760295,4.427690558,3.041392685,4.281617818,1.791366077,0.081818182,0.6,0.166666667,0.0,3.6
195,Niger Inland Delta,0,0.552919092,6.070539143,5.56801973,4.266649531,3.814868506,0.618181818,0.645454545,0.166666667,0.0,5.0
196,Niger Inland Delta,100,0.707377982,6.027733593,5.566364276,4.231998538,3.943590574,0.809090909,0.72,0.816666667,0.96,4.5
197,Niger Inland Delta,200,0.707377982,6.027733593,5.566364276,4.231998538,3.943590574,0.809090909,0.72,0.816666667,0.96,4.5
198,Niger Inland Delta,300,0.718474537,6.663581221,6.254681692,4.159032125,4.247154682,0.6,0.7,0.8,0.983333333,4.5
199,Niger Inland Delta,400,0.720930119,6.663581221,6.254681692,4.159032125,4.247154682,0.59,0.7,0.8,0.983333333,4.5
200,Niger Inland Delta,500,0.767729211,6.631866762,5.813228741,4.77815125,4.828849002,0.709090909,0.866666667,0.8,0.975,4.5
201,Niger Inland Delta,600,0.816770181,6.402161624,5.677606953,4.84509804,5.0,0.966666667,0.95,0.98,0.9625,4.5
202,Niger Inland Delta,700,0.816770181,6.402161624,5.677606953,4.84509804,5.0,0.966666667,0.95,0.98,0.9625,4.5
203,Ghanaian Coast,0,0.623383502,6.599659588,5.796741471,4.130333768,5.333333333,0.454545455,0.408333333,1.0,0.375,3.0
204,Iceland,-300,0.337468168,4.380242342,5.012837225,2.399056977,2.333333333,0.122222222,0.0,0.6,0.0125,4.0
205,Iceland,-200,0.404175293,4.491361694,5.012837225,2.399056977,2.666666667,0.233333333,0.0,0.8,0.3625,4.0
206,Iceland,-100,0.473477614,4.547767422,5.012837225,2.399056977,2.666666667,0.233333333,0.0,1.0,0.9875,4.0
207,Iceland,0,0.528582535,4.712629374,5.012837225,2.438865198,3.666666667,0.554545455,0.016666667,1.0,0.9875,4.0
208,Susiana,-4100,0.129736675,1.59704469,1.844231001,2.591618142,1.0,0.09,0.181818182,0.0,0.0,0.9
209,Susiana,-4000,0.129736675,1.59704469,1.844231001,2.591618142,1.0,0.09,0.181818182,0.0,0.0,0.9
210,Susiana,-3900,0.129736675,1.59704469,1.844231001,2.591618142,1.0,0.09,0.181818182,0.0,0.0,0.9
211,Susiana,-3800,0.129736675,1.59704469,1.844231001,2.591618142,1.0,0.09,0.181818182,0.0,0.0,0.9
212,Susiana,-3700,0.129736675,1.59704469,1.844231001,2.591618142,1.0,0.09,0.181818182,0.0,0.0,0.9
213,Susiana,-3600,0.129736675,1.59704469,1.844231001,2.591618142,1.0,0.09,0.181818182,0.0,0.0,0.9
214,Susiana,-3500,0.139350082,4.064934357,2.713731167,2.43812847,1.0,0.090909091,0.181818182,0.0,0.0,0.9
215,Susiana,-3400,0.139350082,4.064934357,2.713731167,2.43812847,1.0,0.090909091,0.181818182,0.0,0.0,0.9
216,Susiana,-3300,0.16218274,1.355693541,2.924777736,2.523682346,1.0,0.1,0.214285714,0.0,0.0,1.0
217,Susiana,-3200,0.16218274,1.355693541,2.924777736,2.523682346,1.0,0.1,0.214285714,0.0,0.0,1.0
218,Susiana,-3100,0.16218274,1.355693541,2.924777736,2.523682346,1.0,0.1,0.214285714,0.0,0.0,1.0
219,Susiana,-3000,0.16218274,1.355693541,2.924777736,2.523682346,1.0,0.1,0.214285714,0.0,0.0,1.0
220,Susiana,-2900,0.16218274,1.355693541,2.924777736,2.523682346,1.0,0.1,0.214285714,0.0,0.0,1.0
221,Susiana,-2800,0.16218274,1.355693541,2.924777736,2.523682346,1.0,0.1,0.214285714,0.0,0.0,1.0
222,Susiana,-2700,0.16218274,1.355693541,2.924777736,2.523682346,1.0,0.1,0.214285714,0.0,0.0,1.0
223,Susiana,-2600,0.16218274,1.355693541,2.924777736,2.523682346,1.0,0.1,0.214285714,0.0,0.0,1.0
224,Susiana,-2500,0.16218274,1.355693541,2.924777736,2.523682346,1.0,0.1,0.214285714,0.0,0.0,1.0
225,Susiana,-2400,0.16218274,1.355693541,2.924777736,2.523682346,1.0,0.1,0.214285714,0.0,0.0,1.0
226,Susiana,-2300,0.192816753,2.440826364,2.214147783,2.713309819,1.0,0.1,0.45,0.0,0.0,0.9
227,Susiana,-2200,0.192816753,2.440826364,2.214147783,2.713309819,1.0,0.1,0.45,0.0,0.0,0.9
228,Susiana,-2100,0.192816753,2.440826364,2.214147783,2.713309819,1.0,0.1,0.45,0.0,0.0,0.9
229,Susiana,-2000,0.189471307,3.622118865,2.275593628,2.811750412,1.184657566,0.090909091,0.3125,0.0,0.0,0.6
230,Susiana,-1900,0.189471307,3.622118865,2.275593628,2.811750412,1.184657566,0.090909091,0.3125,0.0,0.0,0.6
231,Susiana,-1800,0.189471307,3.622118865,2.275593628,2.811750412,1.184657566,0.090909091,0.3125,0.0,0.0,0.6
232,Susiana,-1700,0.189471307,3.622118865,2.275593628,2.811750412,1.184657566,0.090909091,0.3125,0.0,0.0,0.6
233,Susiana,-1600,0.189471307,3.622118865,2.275593628,2.811750412,1.184657566,0.090909091,0.3125,0.0,0.0,0.6
234,Susiana,-1500,0.189471307,3.622118865,2.275593628,2.811750412,1.184657566,0.090909091,0.3125,0.0,0.0,0.6
235,Susiana,-1400,0.222346083,3.1113624,3.14745979,2.991896918,1.210446633,0.172727273,0.3,0.0,0.0,2.7
236,Susiana,-1300,0.236591074,3.506766378,2.62539326,2.991896918,1.543779966,0.172727273,0.3,0.0,0.0,2.7
237,Susiana,-1200,0.236591074,3.506766378,2.62539326,2.991896918,1.543779966,0.172727273,0.3,0.0,0.0,2.7
238,Susiana,-1100,0.236591074,3.506766378,2.62539326,2.991896918,1.543779966,0.172727273,0.3,0.0,0.0,2.7
239,Susiana,-1000,0.257749034,3.928979149,2.86809685,3.067984596,1.726396821,0.154545455,0.328571429,0.0,0.0,2.7
240,Susiana,-900,0.257749034,3.928979149,2.86809685,3.067984596,1.726396821,0.154545455,0.328571429,0.0,0.0,2.7
241,Susiana,-800,0.257749034,3.928979149,2.86809685,3.067984596,1.726396821,0.154545455,0.328571429,0.0,0.0,2.7
242,Susiana,-700,0.257749034,3.928979149,2.86809685,3.067984596,1.726396821,0.154545455,0.328571429,0.0,0.0,2.7
243,Susiana,-600,0.282595192,4.027735079,2.96983565,3.050024434,1.969035122,0.245454545,0.328571429,0.15,0.0,2.7
244,Susiana,-500,0.282595192,4.027735079,2.96983565,3.050024434,1.969035122,0.245454545,0.328571429,0.15,0.0,2.7
245,Susiana,-400,0.282595192,4.027735079,2.96983565,3.050024434,1.969035122,0.245454545,0.328571429,0.15,0.0,2.7
246,Susiana,-300,0.282595192,4.027735079,2.96983565,3.050024434,1.969035122,0.245454545,0.328571429,0.15,0.0,2.7
247,Susiana,-200,0.24254955,2.997660758,1.720774275,3.050024434,1.969035122,0.245454545,0.328571429,0.15,0.0,2.7
248,Susiana,-100,0.458935806,2.997660758,1.430868568,2.815257652,2.750748805,0.571428571,0.68,0.98,0.95,2.7
249,Susiana,0,0.512212835,4.008131588,3.510898514,2.815257652,2.916916268,0.571428571,0.68,0.98,0.95,2.7
250,Susiana,100,0.535130762,3.990294092,4.320087073,3.542955833,2.916916268,0.571428571,0.68,0.98,0.95,2.7
251,Susiana,200,0.551342914,4.238199531,3.72708224,3.698970004,3.247689661,0.571428571,0.68,0.98,0.95,2.7
252,Susiana,300,0.562228405,4.329926391,4.112798296,3.698970004,3.583582935,0.571428571,0.68,0.98,0.95,2.7
253,Susiana,400,0.561189636,4.363782491,4.096811828,3.698970004,3.583582935,0.571428571,0.68,0.98,0.95,2.7
254,Susiana,500,0.52954672,3.838849091,3.597264419,3.569262714,3.583582935,0.571428571,0.68,0.98,0.95,2.7
255,Susiana,600,0.53746034,3.838849091,2.712990921,3.569262714,3.452586699,0.571428571,0.725,0.98,0.9,2.7
256,Susiana,700,0.58998018,5.268510916,4.563685937,4.044478882,2.978070246,0.571428571,0.725,0.98,0.9,2.7
257,Susiana,800,0.58998018,5.268510916,4.563685937,4.044478882,2.978070246,0.571428571,0.725,0.98,0.9,2.7
258,Susiana,900,0.58998018,5.268510916,4.563685937,4.044478882,2.978070246,0.571428571,0.725,0.98,0.9,2.7
259,Susiana,1000,0.58998018,5.268510916,4.563685937,4.044478882,2.978070246,0.571428571,0.725,0.98,0.9,2.7
260,Susiana,1100,0.664406759,5.798349965,5.376242008,3.965177763,3.035454997,0.5125,0.825,0.98,0.925,2.7
261,Susiana,1200,0.664406759,5.798349965,5.376242008,3.965177763,3.035454997,0.5125,0.825,0.98,0.925,2.7
262,Susiana,1300,0.664406759,5.798349965,5.376242008,3.965177763,3.035454997,0.5125,0.825,0.98,0.925,2.7
263,Susiana,1400,0.664406759,5.798349965,5.376242008,3.965177763,3.035454997,0.5125,0.825,0.98,0.925,2.7
264,Susiana,1500,0.740938642,6.20776289,4.939268839,4.540313004,5.035126361,0.71,0.966666667,0.833333333,0.985714286,3.0
265,Susiana,1600,0.735807194,5.304473403,3.844106937,4.106868443,4.950393894,1.0,1.0,1.0,1.0,3.0
266,Kachi Plain,-700,0.242889678,3.958213834,2.395776466,3.394592687,2.152333008,0.109090909,0.341666667,0.0,0.0,1.8
267,Kachi Plain,-600,0.242889678,3.958213834,2.395776466,3.394592687,2.152333008,0.109090909,0.341666667,0.0,0.0,1.8
268,Kachi Plain,-500,0.242889678,3.958213834,2.395776466,3.394592687,2.152333008,0.109090909,0.341666667,0.0,0.0,1.8
269,Kachi Plain,-400,0.242889678,3.958213834,2.395776466,3.394592687,2.152333008,0.109090909,0.341666667,0.0,0.0,1.8
270,Kachi Plain,-300,0.242889678,3.958213834,2.395776466,3.394592687,2.152333008,0.109090909,0.341666667,0.0,0.0,1.8
271,Kachi Plain,-200,0.242889678,3.958213834,2.395776466,3.394592687,2.152333008,0.109090909,0.341666667,0.0,0.0,1.8
272,Kachi Plain,-100,0.242889678,3.958213834,2.395776466,3.394592687,2.152333008,0.109090909,0.341666667,0.0,0.0,1.8
273,Kachi Plain,0,0.679867383,5.14463291,5.761204749,5.0,4.0,0.62,0.866666667,0.75,0.684800047,2.7
274,Kachi Plain,100,0.679867383,5.14463291,5.761204749,5.0,4.0,0.62,0.866666667,0.75,0.684800047,2.7
275,Kachi Plain,200,0.679867383,5.14463291,5.761204749,5.0,4.0,0.62,0.866666667,0.75,0.684800047,2.7
276,Kachi Plain,300,0.679867383,5.14463291,5.761204749,5.0,4.0,0.62,0.866666667,0.75,0.684800047,2.7
277,Kachi Plain,400,0.679867383,5.14463291,5.761204749,5.0,4.0,0.62,0.866666667,0.75,0.684800047,2.7
278,Kachi Plain,500,0.679867383,5.14463291,5.761204749,5.0,4.0,0.62,0.866666667,0.75,0.684800047,2.7
279,Kachi Plain,600,0.679867383,5.14463291,5.761204749,5.0,4.0,0.62,0.866666667,0.75,0.684800047,2.7
280,Kachi Plain,700,0.25563096,2.699632441,2.730452451,2.937327556,1.658837166,0.333333333,0.21,0.15,0.0,2.7
281,Kachi Plain,800,0.25563096,2.699632441,2.730452451,2.937327556,1.658837166,0.333333333,0.21,0.15,0.0,2.7
282,Kachi Plain,900,0.25563096,2.699632441,2.730452451,2.937327556,1.658837166,0.333333333,0.21,0.15,0.0,2.7
283,Kachi Plain,1000,0.25563096,2.699632441,2.730452451,2.937327556,1.658837166,0.333333333,0.21,0.15,0.0,2.7
284,Kachi Plain,1100,0.25563096,2.699632441,2.730452451,2.937327556,1.658837166,0.333333333,0.21,0.15,0.0,2.7
285,Kachi Plain,1200,0.276091959,5.036015226,2.161400902,3.821583148,1.198157033,0.44,0.76,0.0,0.0,0.9
286,Kachi Plain,1300,0.276091959,5.036015226,2.161400902,3.821583148,1.198157033,0.44,0.76,0.0,0.0,0.9
287,Kachi Plain,1400,0.276091959,5.036015226,2.161400902,3.821583148,1.198157033,0.44,0.76,0.0,0.0,0.9
288,Kachi Plain,1500,0.276091959,5.036015226,2.161400902,3.821583148,1.198157033,0.44,0.76,0.0,0.0,0.9
289,Kachi Plain,1600,0.276091959,5.036015226,2.161400902,3.821583148,1.198157033,0.44,0.76,0.0,0.0,0.9
290,Kachi Plain,1700,0.276091959,5.036015226,2.161400902,3.821583148,1.198157033,0.44,0.76,0.0,0.0,0.9
291,Kachi Plain,1800,0.276091959,5.036015226,2.161400902,3.821583148,1.198157033,0.44,0.76,0.0,0.0,0.9
292,Kachi Plain,1900,0.276091959,5.036015226,2.161400902,3.821583148,1.198157033,0.44,0.76,0.0,0.0,0.9
293,Kachi Plain,2000,0.887021376,7.333008823,6.740362689,5.301029996,6.185276146,0.972727273,0.891666667,0.828571429,0.925,5.0
294,Kachi Plain,2100,0.884931562,7.452026836,6.579783597,5.301029996,6.185276146,0.972727273,0.891666667,0.828571429,0.925,5.0
295,Kachi Plain,2200,0.865241805,7.255272505,6.602059991,5.431363764,6.0,0.8,0.966666667,0.816666667,0.971428571,5.0
296,Kachi Plain,2300,0.865241805,7.255272505,6.602059991,5.431363764,6.0,0.8,0.966666667,0.816666667,0.971428571,5.0
297,Kachi Plain,2400,0.761260892,6.529984206,5.022123062,3.677737151,3.901745428,0.955555556,0.942857143,0.82,0.9,5.0
298,Kachi Plain,2500,0.836338546,6.875061263,6.477121255,5.602059991,5.595866645,0.677777778,0.916666667,0.816666667,0.9875,5.0
299,Cambodian Basin,0,0.673645867,6.235248773,5.409990575,3.301029996,2.666666667,0.618181818,0.977777778,1.0,1.0,4.0
300,Cambodian Basin,100,0.673645867,6.235248773,5.409990575,3.301029996,2.666666667,0.618181818,0.977777778,1.0,1.0,4.0
301,Cambodian Basin,200,0.673645867,6.235248773,5.409990575,3.301029996,2.666666667,0.618181818,0.977777778,1.0,1.0,4.0
302,Cambodian Basin,300,0.664762288,5.254599225,5.421932813,3.301029996,2.857822693,0.61,0.888888889,1.0,1.0,4.0
303,Cambodian Basin,400,0.753939739,6.393323032,5.725094521,4.77815125,4.0,0.79,0.888888889,1.0,0.985714286,3.0
304,Cambodian Basin,500,0.783000327,6.311088695,5.725094521,5.477121255,4.0,0.79,0.888888889,1.0,0.985714286,3.0
305,Cambodian Basin,600,0.844608618,6.932781045,5.962296868,5.602059991,5.333333333,0.836363636,0.916666667,1.0,0.9875,4.0
306,Cambodian Basin,700,0.828655743,6.089213309,5.962296868,4.949478934,5.333333333,0.836363636,0.916666667,1.0,0.9875,4.0
307,Cambodian Basin,800,0.840908724,6.176091259,5.972778892,5.940407318,5.666666667,0.827272727,0.916666667,1.0,0.9875,4.0
308,Cambodian Basin,900,0.840908724,6.176091259,5.972778892,5.940407318,5.666666667,0.827272727,0.916666667,1.0,0.9875,4.0
309,Cambodian Basin,1000,0.812885255,6.176091259,5.414216291,5.924823463,5.666666667,0.827272727,0.875,1.0,0.975,3.6
310,Cambodian Basin,1100,0.812885255,6.176091259,5.414216291,5.924823463,5.666666667,0.827272727,0.875,1.0,0.975,3.6
311,Cambodian Basin,1200,0.810691153,5.959545876,5.446608612,4.563803737,6.666666667,0.827272727,0.916666667,1.0,0.9875,4.0
312,Cambodian Basin,1300,0.806050671,6.893139415,5.186462899,5.190331698,5.333333333,0.554545455,0.877777778,1.0,0.95,5.0
313,Cambodian Basin,1400,0.806732635,7.074097606,4.459819292,5.190331698,5.333333333,0.554545455,0.888888889,1.0,0.95,5.0
314,Cambodian Basin,1500,0.797298612,6.678242172,5.710218943,5.04826479,5.5,0.554545455,0.866666667,1.0,1.0,5.0
315,Yemeni Coastal Plain,0,0.729009922,5.546353104,5.415712548,4.045448922,4.666666667,0.62,0.78,1.0,0.85,5.0
316,Yemeni Coastal Plain,100,0.729009922,5.546353104,5.415712548,4.045448922,4.666666667,0.62,0.78,1.0,0.85,5.0
317,Yemeni Coastal Plain,200,0.874001984,7.344392274,6.414973348,5.698970004,6.489439991,0.7,0.97,0.814285714,0.975,5.0
318,Yemeni Coastal Plain,300,0.841906264,7.391731577,6.954242509,5.479298043,4.864308302,0.554545455,0.908333333,0.842857143,1.0,5.0
319,Yemeni Coastal Plain,500,0.686558983,4.813146712,4.39189849,3.86138344,3.342099061,0.92,0.9,0.9,0.9,3.6
320,Yemeni Coastal Plain,600,0.686558983,4.813146712,4.39189849,3.86138344,3.342099061,0.92,0.9,0.9,0.9,3.6
321,Yemeni Coastal Plain,700,0.802860511,5.212883073,5.342954616,3.326582422,4.166307377,0.975,0.96,0.966666667,0.985714286,5.0
322,Yemeni Coastal Plain,800,0.839821765,6.958007576,6.185246516,5.301029996,5.950146747,0.718181818,0.909090909,0.857142857,1.0,5.0
323,Yemeni Coastal Plain,900,0.80171977,5.881657749,6.536808032,4.698970004,4.5,0.977777778,0.95,1.0,1.0,4.5
324,Yemeni Coastal Plain,1000,0.80171977,5.881657749,6.536808032,4.698970004,4.5,0.977777778,0.95,1.0,1.0,4.5
325,Yemeni Coastal Plain,1100,0.79706218,5.45429018,5.762184359,5.171691705,4.5,0.888888889,0.966666667,1.0,1.0,5.0
326,Yemeni Coastal Plain,1200,0.958306584,7.447158031,6.684486292,5.819190474,8.036426254,0.990909091,0.916666667,1.0,1.0,5.0
327,Yemeni Coastal Plain,1300,0.568927825,5.418268189,5.553020095,3.661252435,3.0,0.572727273,0.272727273,0.833333333,0.814285714,5.0
328,Yemeni Coastal Plain,1400,0.568927825,5.418268189,5.553020095,3.661252435,3.0,0.572727273,0.272727273,0.833333333,0.814285714,5.0
329,Deccan,-2400,0.155156678,2.731671917,2.649571367,3.150523563,0.666666667,0.1,0.175,0.1,0.1,0.9
330,Deccan,-2300,0.155156678,2.731671917,2.649571367,3.150523563,0.666666667,0.1,0.175,0.1,0.1,0.9
331,Deccan,-2200,0.155156678,2.731671917,2.649571367,3.150523563,0.666666667,0.1,0.175,0.1,0.1,0.9
332,Deccan,-2100,0.155156678,2.731671917,2.649571367,3.150523563,0.666666667,0.1,0.175,0.1,0.1,0.9
333,Deccan,-2000,0.155156678,2.731671917,2.649571367,3.150523563,0.666666667,0.1,0.175,0.1,0.1,0.9
334,Deccan,-1900,0.155156678,2.731671917,2.649571367,3.150523563,0.666666667,0.1,0.175,0.1,0.1,0.9
335,Deccan,-1800,0.155156678,2.731671917,2.649571367,3.150523563,0.666666667,0.1,0.175,0.1,0.1,0.9
336,Deccan,-1700,0.155156678,2.731671917,2.649571367,3.150523563,0.666666667,0.1,0.175,0.1,0.1,0.9
337,Deccan,-1600,0.155156678,2.731671917,2.649571367,3.150523563,0.666666667,0.1,0.175,0.1,0.1,0.9
338,Deccan,-1500,0.155156678,2.731671917,2.649571367,3.150523563,0.666666667,0.1,0.175,0.1,0.1,0.9
339,Deccan,-1400,0.155156678,2.731671917,2.649571367,3.150523563,0.666666667,0.1,0.175,0.1,0.1,0.9
340,Deccan,-1300,0.155156678,2.731671917,2.649571367,3.150523563,0.666666667,0.1,0.175,0.1,0.1,0.9
341,Deccan,-1200,0.155156678,2.731671917,2.649571367,3.150523563,0.666666667,0.1,0.175,0.1,0.1,0.9
342,Deccan,-1100,0.155156678,2.731671917,2.649571367,3.150523563,0.666666667,0.1,0.175,0.1,0.1,0.9
343,Deccan,-1000,0.155156678,2.731671917,2.649571367,3.150523563,0.666666667,0.1,0.175,0.1,0.1,0.9
344,Deccan,-900,0.19601325,2.88219596,1.45245181,2.750974736,1.0,0.1,0.388888889,0.233333333,0.1,0.9
345,Deccan,-800,0.19601325,2.88219596,1.45245181,2.750974736,1.0,0.1,0.388888889,0.233333333,0.1,0.9
346,Deccan,-700,0.19601325,2.88219596,1.45245181,2.750974736,1.0,0.1,0.388888889,0.233333333,0.1,0.9
347,Deccan,-600,0.270681727,4.065630225,4.132253684,3.43955943,1.467170232,0.1,0.388888889,0.233333333,0.1,0.9
348,Deccan,-500,0.270681727,4.065630225,4.132253684,3.43955943,1.467170232,0.1,0.388888889,0.233333333,0.1,0.9
349,Deccan,-400,0.270681727,4.065630225,4.132253684,3.43955943,1.467170232,0.1,0.388888889,0.233333333,0.1,0.9
350,Deccan,-300,0.270681727,4.065630225,4.132253684,3.43955943,1.467170232,0.1,0.388888889,0.233333333,0.1,0.9
351,Deccan,-200,0.309011591,4.352501164,4.034543064,3.857822,2.0,0.1,0.388888889,0.233333333,0.1,0.9
352,Deccan,-100,0.309011591,4.352501164,4.034543064,3.857822,2.0,0.1,0.388888889,0.233333333,0.1,0.9
353,Deccan,0,0.865241805,7.255272505,6.602059991,5.431363764,6.0,0.8,0.966666667,0.816666667,0.971428571,5.0
354,Deccan,100,0.309011591,4.352501164,4.034543064,3.857822,2.0,0.1,0.388888889,0.233333333,0.1,0.9
355,Deccan,200,0.772670602,6.894929782,6.097952672,4.924279286,4.400534247,0.581818182,0.777777778,0.975,0.842857143,5.0
356,Deccan,300,0.773019348,6.871929224,6.097952672,4.924279286,4.400534247,0.581818182,0.777777778,0.975,0.842857143,5.0
357,Deccan,400,0.773918073,6.918139358,6.097952672,4.924279286,4.400534247,0.581818182,0.777777778,0.975,0.842857143,5.0
358,Deccan,500,0.775743407,6.929612322,6.179157091,4.924279286,4.400534247,0.581818182,0.777777778,0.975,0.842857143,5.0
359,Deccan,600,0.784964952,6.83906131,5.971303778,4.798594766,4.957815709,0.8625,0.666666667,0.78,0.983333333,5.0
360,Deccan,800,0.722242598,5.809260812,4.907332191,4.168930777,5.172269485,0.625,0.7125,0.925,0.94,5.0
361,Deccan,900,0.804720855,6.452746054,5.875061263,4.84509804,4.989084762,0.9,0.744444444,0.975,0.95,5.0
362,Deccan,1000,0.811569213,6.799946183,5.875061263,4.84509804,4.989084762,0.9,0.744444444,0.975,0.95,5.0
363,Deccan,1100,0.79323038,6.771876373,5.77815125,5.0,5.102626565,0.79,0.777777778,0.975,0.875,3.6
364,Deccan,1200,0.794156053,6.76033535,5.77815125,5.0,5.102626565,0.79,0.777777778,0.975,0.875,3.6
