,NGA,RelTime,SPC1
0,Deccan,-2400,0.155156678
1,Deccan,-2300,0.155156678
2,Deccan,-2200,0.155156678
3,Deccan,-2100,0.155156678
4,Deccan,-2000,0.155156678
5,Deccan,-1900,0.155156678
6,Deccan,-1800,0.155156678
7,Deccan,-1700,0.155156678
8,Deccan,-1600,0.155156678
9,Deccan,-1500,0.155156678
10,Deccan,-1400,0.155156678
11,Deccan,-1300,0.155156678
12,Deccan,-1200,0.155156678
13,Deccan,-1100,0.155156678
14,Deccan,-1000,0.155156678
15,Deccan,-900,0.19601325
16,Deccan,-800,0.19601325
17,Deccan,-700,0.19601325
18,Deccan,-600,0.270681727
19,Deccan,-500,0.270681727
20,Deccan,-400,0.270681727
21,Deccan,-300,0.270681727
22,Deccan,-200,0.309011591
23,Deccan,-100,0.309011591
24,Deccan,0,0.865241805
25,Deccan,100,0.309011591
26,Deccan,200,0.772670602
27,Deccan,300,0.773019348
28,Deccan,400,0.773918073
29,Deccan,500,0.775743407
30,Deccan,600,0.784964952
31,Deccan,800,0.722242598
32,Deccan,900,0.804720855
33,Deccan,1000,0.811569213
34,Deccan,1100,0.79323038
35,Deccan,1200,0.794156053
36,Deccan,1300,0.819299087
37,Deccan,1500,0.776915049
38,Deccan,1600,0.689394339
39,Deccan,1700,0.823461921
40,Deccan,1800,0.832823656
41,Deccan,1900,0.832811869
42,Deccan,2000,0.894917238
43,Sogdiana,-3000,0.26234712
44,Sogdiana,-2900,0.26234712
45,Sogdiana,-2800,0.26234712
46,Sogdiana,-2700,0.26234712
47,Sogdiana,-2600,0.26234712
48,Sogdiana,-2500,0.26234712
49,Sogdiana,-2400,0.26234712
50,Sogdiana,-2300,0.26234712
51,Sogdiana,-2200,0.26234712
52,Sogdiana,-2100,0.26234712
53,Sogdiana,-2000,0.26234712
54,Sogdiana,-1900,0.26234712
55,Sogdiana,-1800,0.26234712
56,Sogdiana,-1700,0.26234712
57,Sogdiana,-1600,0.26234712
58,Sogdiana,-1500,0.216965914
59,Sogdiana,-1400,0.216965914
60,Sogdiana,-1300,0.216965914
61,Sogdiana,-1200,0.216965914
62,Sogdiana,-1100,0.216965914
63,Sogdiana,-1000,0.216965914
64,Sogdiana,-900,0.148653829
65,Sogdiana,-800,0.148653829
66,Sogdiana,-700,0.148653829
67,Sogdiana,-600,0.148653829
68,Sogdiana,-500,0.248366221
69,Sogdiana,-400,0.369239141
70,Sogdiana,-300,0.384023796
71,Sogdiana,-200,0.315680285
72,Sogdiana,-100,0.315680285
73,Sogdiana,0,0.887021376
74,Sogdiana,100,0.884931562
75,Sogdiana,200,0.85419066
76,Sogdiana,300,0.765870426
77,Sogdiana,400,0.684295704
78,Sogdiana,500,0.619264747
79,Sogdiana,600,0.810552424
80,Sogdiana,700,0.806141972
81,Sogdiana,800,0.806545958
82,Sogdiana,900,0.819902671
83,Sogdiana,1000,0.803125862
84,Sogdiana,1100,0.717370046
85,Sogdiana,1200,0.657984735
86,Sogdiana,1300,0.8674214
87,Sogdiana,1400,0.847891918
88,Sogdiana,1500,0.813858966
89,Sogdiana,1600,0.768089962
90,Sogdiana,1700,0.813879614
91,Sogdiana,1800,0.743461331
92,Sogdiana,1900,0.872745656
93,Sogdiana,2000,0.841678405
94,Sogdiana,2100,0.779340291
95,Sogdiana,2200,0.788146715
96,Ghanaian Coast,-200,0.41954842
97,Ghanaian Coast,-100,0.41954842
98,Ghanaian Coast,0,0.623383502
99,Konya Plain,-7600,0.105088748
100,Konya Plain,-7500,0.105088748
101,Konya Plain,-7400,0.105088748
102,Konya Plain,-7300,0.105088748
103,Konya Plain,-7200,0.105088748
104,Konya Plain,-7100,0.105088748
105,Konya Plain,-7000,0.105088748
106,Konya Plain,-6900,0.105088748
107,Konya Plain,-6800,0.105088748
108,Konya Plain,-6700,0.105088748
109,Konya Plain,-6600,0.105088748
110,Konya Plain,-6500,0.105088748
111,Konya Plain,-6400,0.105088748
112,Konya Plain,-6300,0.105088748
113,Konya Plain,-6200,0.105088748
114,Konya Plain,-6100,0.105088748
115,Konya Plain,-6000,0.105088748
116,Konya Plain,-5900,0.105088748
117,Konya Plain,-5800,0.105088748
118,Konya Plain,-5700,0.105088748
119,Konya Plain,-5600,0.105088748
120,Konya Plain,-5500,0.105088748
121,Konya Plain,-5400,0.105088748
122,Konya Plain,-5300,0.105088748
123,Konya Plain,-5200,0.105088748
124,Konya Plain,-5100,0.105088748
125,Konya Plain,-5000,0.13438793
126,Konya Plain,-4900,0.13438793
127,Konya Plain,-4800,0.13438793
128,Konya Plain,-4700,0.13438793
129,Konya Plain,-4600,0.220490479
130,Konya Plain,-4500,0.220490479
131,Konya Plain,-4400,0.220490479
132,Konya Plain,-4300,0.220490479
133,Konya Plain,-4200,0.220490479
134,Konya Plain,-4100,0.220490479
135,Konya Plain,-4000,0.200311163
136,Konya Plain,-3900,0.200311163
137,Konya Plain,-3800,0.200311163
138,Konya Plain,-3700,0.200311163
139,Konya Plain,-3600,0.200311163
140,Konya Plain,-3000,0.252058313
141,Konya Plain,-2900,0.252058313
142,Konya Plain,-2800,0.252058313
143,Konya Plain,-2700,0.252058313
144,Konya Plain,-2600,0.252058313
145,Konya Plain,-2500,0.252058313
146,Konya Plain,-2400,0.252058313
147,Konya Plain,-2300,0.252058313
148,Konya Plain,-2200,0.252058313
149,Konya Plain,-2100,0.252058313
150,Konya Plain,-2000,0.252058313
151,Konya Plain,-1900,0.252058313
152,Konya Plain,-1800,0.252058313
153,Konya Plain,-1700,0.252058313
154,Konya Plain,-1600,0.252058313
155,Konya Plain,-1500,0.252058313
156,Konya Plain,-1400,0.252058313
157,Konya Plain,-1300,0.252058313
158,Konya Plain,-1200,0.252058313
159,Konya Plain,-1100,0.252058313
160,Konya Plain,-1000,0.338266748
161,Konya Plain,-900,0.338266748
162,Konya Plain,-800,0.338266748
163,Konya Plain,-700,0.338266748
164,Konya Plain,-600,0.338266748
165,Konya Plain,-500,0.338266748
166,Konya Plain,-400,0.338266748
167,Konya Plain,-300,0.338266748
168,Konya Plain,-200,0.338266748
169,Konya Plain,-100,0.338266748
170,Konya Plain,0,0.584207148
171,Konya Plain,100,0.584207148
172,Konya Plain,200,0.584207148
173,Konya Plain,300,0.584207148
174,Konya Plain,400,0.666109699
175,Konya Plain,500,0.688037193
176,Konya Plain,600,0.678982186
177,Konya Plain,700,0.69336631
178,Konya Plain,800,0.694619228
179,Konya Plain,900,0.605397714
180,Konya Plain,1000,0.605397714
181,Konya Plain,1100,0.600754195
182,Konya Plain,1200,0.637261443
183,Konya Plain,1300,0.637261443
184,Konya Plain,1400,0.763213754
185,Konya Plain,1500,0.887021376
186,Konya Plain,1600,0.884931562
187,Konya Plain,1700,0.746792056
188,Konya Plain,1800,0.778294628
189,Konya Plain,1900,0.678603227
190,Konya Plain,2000,0.926778876
191,Konya Plain,2100,0.931204977
192,Konya Plain,2200,0.929826614
193,Konya Plain,2300,0.928458305
194,Konya Plain,2400,0.912166058
195,Konya Plain,2500,0.922031865
196,Konya Plain,2600,0.90158306
197,Konya Plain,2700,0.841871592
198,Konya Plain,2800,0.846634048
199,Konya Plain,2900,0.862921886
200,Konya Plain,3000,0.877523704
201,Konya Plain,3100,0.765126821
202,Konya Plain,3200,0.765126821
203,Konya Plain,3300,0.818716171
204,Konya Plain,3400,0.808596305
205,Konya Plain,3500,0.886274244
206,Konya Plain,3600,0.958306584
207,Konya Plain,3700,0.95750208
208,Konya Plain,3800,0.947797165
209,Latium,-2900,0.15737526
210,Latium,-2800,0.15737526
211,Latium,-2700,0.15737526
212,Latium,-2600,0.15737526
213,Latium,-2500,0.15737526
214,Latium,-2400,0.15737526
215,Latium,-2300,0.15737526
216,Latium,-2200,0.15737526
217,Latium,-2100,0.15737526
218,Latium,-2000,0.15737526
219,Latium,-1900,0.15737526
220,Latium,-1800,0.15737526
221,Latium,-1700,0.15737526
222,Latium,-1600,0.15737526
223,Latium,-1500,0.15737526
224,Latium,-1400,0.15737526
225,Latium,-1300,0.15737526
226,Latium,-1200,0.15737526
227,Latium,-1100,0.096128156
228,Latium,-1000,0.096128156
229,Latium,-900,0.096128156
230,Latium,-800,0.096128156
231,Latium,-700,0.096128156
232,Latium,-600,0.096128156
233,Latium,-500,0.140222167
234,Latium,-400,0.140222167
235,Latium,-300,0.183183681
236,Latium,-200,0.183183681
237,Latium,-100,0.189265763
238,Latium,0,0.541341689
239,Latium,100,0.558733984
240,Latium,200,0.597863711
241,Latium,300,0.605252141
242,Latium,400,0.676971203
243,Latium,500,0.761244139
244,Latium,600,0.82188895
245,Latium,700,0.926778876
246,Latium,800,0.931204977
247,Latium,900,0.929826614
248,Latium,1000,0.928458305
249,Latium,1100,0.914820268
250,Latium,1200,0.823299026
251,Latium,1300,0.736393529
252,Latium,1400,0.755748367
253,Latium,1500,0.748741687
254,Latium,1600,0.739849728
255,Latium,1700,0.71597653
256,Latium,1800,0.706742673
257,Latium,1900,0.743248775
258,Latium,2000,0.743248775
259,Latium,2100,0.725900891
260,Latium,2200,0.721047846
261,Latium,2300,0.769720333
262,Latium,2400,0.781539212
263,Latium,2500,0.785173378
264,Paris Basin,-3000,0.227194968
265,Paris Basin,-2900,0.227194968
266,Paris Basin,-2800,0.227194968
267,Paris Basin,-2700,0.227194968
268,Paris Basin,-2600,0.227194968
269,Paris Basin,-2500,0.227194968
270,Paris Basin,-2400,0.227194968
271,Paris Basin,-2300,0.227194968
272,Paris Basin,-2200,0.227194968
273,Paris Basin,-2100,0.227194968
274,Paris Basin,-2000,0.225324619
275,Paris Basin,-1900,0.225324619
276,Paris Basin,-1800,0.225324619
277,Paris Basin,-1700,0.225324619
278,Paris Basin,-1600,0.225324619
279,Paris Basin,-1500,0.225324619
280,Paris Basin,-1400,0.225324619
281,Paris Basin,-1300,0.225324619
282,Paris Basin,-1200,0.225324619
283,Paris Basin,-1100,0.225324619
284,Paris Basin,-1000,0.225324619
285,Paris Basin,-900,0.225324619
286,Paris Basin,-800,0.16921561
287,Paris Basin,-700,0.255854608
288,Paris Basin,-600,0.269243365
289,Paris Basin,-500,0.297871482
290,Paris Basin,-400,0.343799132
291,Paris Basin,-300,0.343799132
292,Paris Basin,-200,0.356129378
293,Paris Basin,-100,0.451406059
294,Paris Basin,0,0.499566954
295,Paris Basin,100,0.554045252
296,Paris Basin,200,0.926778876
297,Paris Basin,300,0.931204977
298,Paris Basin,400,0.929826614
299,Paris Basin,500,0.928458305
300,Paris Basin,700,0.735880625
301,Paris Basin,800,0.734171557
302,Paris Basin,900,0.72807639
303,Paris Basin,1000,0.760762123
304,Paris Basin,1100,0.71670394
305,Paris Basin,1200,0.689535812
306,Paris Basin,1300,0.657843746
307,Paris Basin,1400,0.824432857
308,Paris Basin,1500,0.82242418
309,Paris Basin,1600,0.818518376
310,Paris Basin,1700,0.876882368
311,Paris Basin,1800,0.91003406
312,Paris Basin,1900,0.957293327
313,Orkhon Valley,-1900,0.315541355
314,Orkhon Valley,-1800,0.315541355
315,Orkhon Valley,-1700,0.315541355
316,Orkhon Valley,-1600,0.315541355
317,Orkhon Valley,-1500,0.315541355
318,Orkhon Valley,-1400,0.315541355
319,Orkhon Valley,-1300,0.315541355
320,Orkhon Valley,-1200,0.315541355
321,Orkhon Valley,-1100,0.315541355
322,Orkhon Valley,-1000,0.315541355
323,Orkhon Valley,-900,0.32778218
324,Orkhon Valley,-800,0.32778218
325,Orkhon Valley,-700,0.459247869
326,Orkhon Valley,-600,0.459247869
327,Orkhon Valley,-500,0.450334253
328,Orkhon Valley,-400,0.430391714
329,Orkhon Valley,-300,0.430391714
330,Orkhon Valley,-200,0.430236291
331,Orkhon Valley,-100,0.430236291
332,Orkhon Valley,0,0.520649178
333,Orkhon Valley,100,0.60090941
334,Orkhon Valley,200,0.596966926
335,Orkhon Valley,300,0.644542214
336,Orkhon Valley,400,0.644542214
337,Orkhon Valley,500,0.782908611
338,Orkhon Valley,600,0.782908611
339,Orkhon Valley,700,0.302733454
340,Orkhon Valley,800,0.909591409
341,Orkhon Valley,900,0.698624834
342,Orkhon Valley,1000,0.698624834
343,Orkhon Valley,1100,0.645079013
344,Orkhon Valley,1200,0.718817194
345,Orkhon Valley,1300,0.992244568
346,Orkhon Valley,1400,0.996386254
347,Iceland,-300,0.337468168
348,Iceland,-200,0.404175293
349,Iceland,-100,0.473477614
350,Iceland,0,0.528582535
351,Cuzco,-1300,0.257786112
352,Cuzco,-1200,0.219697698
353,Cuzco,-1100,0.212864496
354,Cuzco,-1000,0.224014201
355,Cuzco,-900,0.215498041
356,Cuzco,-800,0.215498041
357,Cuzco,-700,0.486610167
358,Cuzco,-600,0.486610167
359,Cuzco,-500,0.486610167
360,Cuzco,-400,0.296282676
361,Cuzco,-300,0.296282676
362,Cuzco,-200,0.296282676
363,Cuzco,-100,0.374144584
364,Cuzco,0,0.594645533
365,Cuzco,100,0.602291323
366,Kansai,-700,0.232953155
367,Kansai,-600,0.232953155
368,Kansai,-500,0.232953155
369,Kansai,-400,0.232953155
370,Kansai,-300,0.232953155
371,Kansai,-200,0.232953155
372,Kansai,-100,0.474898734
373,Kansai,0,0.534590675
374,Kansai,100,0.581717145
375,Kansai,200,0.746240665
376,Kansai,300,0.763180667
377,Kansai,400,0.816838575
378,Kansai,500,0.81897316
379,Kansai,600,0.816802571
380,Kansai,700,0.81879064
381,Kansai,800,0.803606018
382,Kansai,900,0.802764411
383,Kansai,1000,0.819799612
384,Kansai,1100,0.746661419
385,Kansai,1200,0.824980001
386,Kansai,1300,0.923082938
387,Kansai,1400,0.924962176
388,Upper Egypt,-1300,0.151831804
389,Upper Egypt,-1200,0.151831804
390,Upper Egypt,-1100,0.151831804
391,Upper Egypt,-1000,0.151831804
392,Upper Egypt,-900,0.151831804
393,Upper Egypt,-800,0.151831804
394,Upper Egypt,-700,0.174698163
395,Upper Egypt,-600,0.312389862
396,Upper Egypt,-500,0.348164483
397,Upper Egypt,-400,0.389162155
398,Upper Egypt,-300,0.405379961
399,Upper Egypt,-200,0.440667126
400,Upper Egypt,-100,0.446453908
401,Upper Egypt,0,0.587768498
402,Upper Egypt,100,0.587768498
403,Upper Egypt,200,0.585600676
404,Upper Egypt,300,0.594301319
405,Upper Egypt,400,0.59533374
406,Upper Egypt,500,0.700498393
407,Upper Egypt,600,0.700498393
408,Upper Egypt,700,0.700498393
409,Upper Egypt,800,0.703382928
410,Upper Egypt,900,0.703382928
411,Upper Egypt,1000,0.593117294
412,Upper Egypt,1100,0.7098153
413,Upper Egypt,1200,0.714698406
414,Upper Egypt,1300,0.715458544
415,Upper Egypt,1400,0.66355083
416,Upper Egypt,1500,0.66355083
417,Upper Egypt,1600,0.758906095
418,Upper Egypt,1700,0.765500447
419,Upper Egypt,1800,0.76643388
420,Upper Egypt,1900,0.771421572
421,Upper Egypt,2000,0.768990847
422,Upper Egypt,2100,0.726817074
423,Upper Egypt,2200,0.724250613
424,Upper Egypt,2300,0.724250613
425,Upper Egypt,2400,0.728984073
426,Upper Egypt,2500,0.746461885
427,Upper Egypt,2600,0.887021376
428,Upper Egypt,2700,0.78996058
429,Upper Egypt,2800,0.887760354
430,Upper Egypt,2900,0.879593752
431,Upper Egypt,3000,0.879200369
432,Upper Egypt,3100,0.926778876
433,Upper Egypt,3200,0.931204977
434,Upper Egypt,3300,0.929826614
435,Upper Egypt,3400,0.928458305
436,Upper Egypt,3500,0.912166058
437,Upper Egypt,3600,0.922031865
438,Upper Egypt,3700,0.90158306
439,Upper Egypt,3800,0.841906264
440,Upper Egypt,3900,0.8674214
441,Upper Egypt,4000,0.807219453
442,Upper Egypt,4100,0.866663684
443,Upper Egypt,4200,0.847958006
444,Upper Egypt,4300,0.839821765
445,Upper Egypt,4400,0.893062495
446,Upper Egypt,4500,0.893948972
447,Upper Egypt,4600,0.883267825
448,Upper Egypt,4700,0.958306584
449,Upper Egypt,4800,0.95750208
450,Niger Inland Delta,-1200,0.098110084
451,Niger Inland Delta,-1100,0.098110084
452,Niger Inland Delta,-1000,0.098110084
453,Niger Inland Delta,-900,0.201993575
454,Niger Inland Delta,-800,0.201993575
455,Niger Inland Delta,-700,0.201993575
456,Niger Inland Delta,-600,0.302211858
457,Niger Inland Delta,-500,0.302211858
458,Niger Inland Delta,-400,0.302211858
459,Niger Inland Delta,-300,0.302211858
460,Niger Inland Delta,-200,0.302211858
461,Niger Inland Delta,-100,0.378760295
462,Niger Inland Delta,0,0.552919092
463,Niger Inland Delta,100,0.707377982
464,Niger Inland Delta,200,0.707377982
465,Niger Inland Delta,300,0.718474537
466,Niger Inland Delta,400,0.720930119
467,Niger Inland Delta,500,0.767729211
468,Niger Inland Delta,600,0.816770181
469,Niger Inland Delta,700,0.816770181
470,Niger Inland Delta,800,0.751562933
471,Cambodian Basin,0,0.673645867
472,Cambodian Basin,100,0.673645867
473,Cambodian Basin,200,0.673645867
474,Cambodian Basin,300,0.664762288
475,Cambodian Basin,400,0.753939739
476,Cambodian Basin,500,0.783000327
477,Cambodian Basin,600,0.844608618
478,Cambodian Basin,700,0.828655743
479,Cambodian Basin,800,0.840908724
480,Cambodian Basin,900,0.840908724
481,Cambodian Basin,1000,0.812885255
482,Cambodian Basin,1100,0.812885255
483,Cambodian Basin,1200,0.810691153
484,Cambodian Basin,1300,0.806050671
485,Cambodian Basin,1400,0.806732635
486,Cambodian Basin,1500,0.797298612
487,Susiana,-4100,0.129736675
488,Susiana,-4000,0.129736675
489,Susiana,-3900,0.129736675
490,Susiana,-3800,0.129736675
491,Susiana,-3700,0.129736675
492,Susiana,-3600,0.129736675
493,Susiana,-3500,0.139350082
494,Susiana,-3400,0.139350082
495,Susiana,-3300,0.16218274
496,Susiana,-3200,0.16218274
497,Susiana,-3100,0.16218274
498,Susiana,-3000,0.16218274
499,Susiana,-2900,0.16218274
500,Susiana,-2800,0.16218274
501,Susiana,-2700,0.16218274
502,Susiana,-2600,0.16218274
503,Susiana,-2500,0.16218274
504,Susiana,-2400,0.16218274
505,Susiana,-2300,0.192816753
506,Susiana,-2200,0.192816753
507,Susiana,-2100,0.192816753
508,Susiana,-2000,0.189471307
509,Susiana,-1900,0.189471307
510,Susiana,-1800,0.189471307
511,Susiana,-1700,0.189471307
512,Susiana,-1600,0.189471307
513,Susiana,-1500,0.189471307
514,Susiana,-1400,0.222346083
515,Susiana,-1300,0.236591074
516,Susiana,-1200,0.236591074
517,Susiana,-1100,0.236591074
518,Susiana,-1000,0.257749034
519,Susiana,-900,0.257749034
520,Susiana,-800,0.257749034
521,Susiana,-700,0.257749034
522,Susiana,-600,0.282595192
523,Susiana,-500,0.282595192
524,Susiana,-400,0.282595192
525,Susiana,-300,0.282595192
526,Susiana,-200,0.24254955
527,Susiana,-100,0.458935806
528,Susiana,0,0.512212835
529,Susiana,100,0.535130762
530,Susiana,200,0.551342914
531,Susiana,300,0.562228405
532,Susiana,400,0.561189636
533,Susiana,500,0.52954672
534,Susiana,600,0.53746034
535,Susiana,700,0.58998018
536,Susiana,800,0.58998018
537,Susiana,900,0.58998018
538,Susiana,1000,0.58998018
539,Susiana,1100,0.664406759
540,Susiana,1200,0.664406759
541,Susiana,1300,0.664406759
542,Susiana,1400,0.664406759
543,Susiana,1500,0.740938642
544,Susiana,1600,0.735807194
545,Susiana,1700,0.699571472
546,Susiana,1800,0.721138586
547,Susiana,1900,0.72562999
548,Susiana,2000,0.705878569
549,Susiana,2100,0.688909368
550,Susiana,2200,0.684201899
551,Susiana,2300,0.722958972
552,Susiana,2400,0.69006511
553,Susiana,2500,0.731038618
554,Susiana,2600,0.731038618
555,Susiana,2700,0.731038618
556,Susiana,2800,0.6620337
557,Susiana,2900,0.6620337
558,Susiana,3000,0.703242406
559,Susiana,3100,0.768427176
560,Susiana,3200,0.887021376
561,Susiana,3300,0.884931562
562,Susiana,3400,0.85419066
563,Susiana,3500,0.778294628
564,Susiana,3600,0.81935254
565,Susiana,3700,0.836338546
566,Susiana,3800,0.759738768
567,Susiana,3900,0.759738768
568,Susiana,4000,0.806545958
569,Susiana,4100,0.819902671
570,Susiana,4200,0.846747292
571,Susiana,4300,0.874001984
572,Susiana,4400,0.841906264
573,Susiana,4500,0.8674214
574,Susiana,4600,0.833596468
575,Susiana,4700,0.82841991
576,Susiana,4800,0.850992738
577,Susiana,4900,0.838994965
578,Susiana,5000,0.818716171
579,Susiana,5100,0.872745656
580,Susiana,5200,0.812769721
581,Susiana,5300,0.839888365
582,Susiana,5400,0.839888365
583,Central Java,0,0.669788918
584,Central Java,100,0.675778444
585,Central Java,200,0.675778444
586,Central Java,300,0.713342492
587,Central Java,400,0.725270514
588,Central Java,500,0.788712149
589,Central Java,600,0.788712149
590,Central Java,700,0.788712149
591,Central Java,800,0.776242529
592,Central Java,900,0.776242529
593,Middle Yellow River Valley,-3200,0.224902441
594,Middle Yellow River Valley,-3100,0.224902441
595,Middle Yellow River Valley,-3000,0.224902441
596,Middle Yellow River Valley,-2900,0.224902441
597,Middle Yellow River Valley,-2800,0.224902441
598,Middle Yellow River Valley,-2700,0.224902441
599,Middle Yellow River Valley,-2600,0.224902441
600,Middle Yellow River Valley,-2500,0.224902441
601,Middle Yellow River Valley,-2400,0.224902441
602,Middle Yellow River Valley,-2300,0.224902441
603,Middle Yellow River Valley,-2200,0.224902441
604,Middle Yellow River Valley,-2100,0.224902441
605,Middle Yellow River Valley,-2000,0.224902441
606,Middle Yellow River Valley,-1900,0.224902441
607,Middle Yellow River Valley,-1800,0.224902441
608,Middle Yellow River Valley,-1700,0.224902441
609,Middle Yellow River Valley,-1600,0.224902441
610,Middle Yellow River Valley,-1500,0.224902441
611,Middle Yellow River Valley,-1400,0.224902441
612,Middle Yellow River Valley,-1300,0.224902441
613,Middle Yellow River Valley,-1200,0.4876171
614,Middle Yellow River Valley,-1100,0.4876171
615,Middle Yellow River Valley,-1000,0.4876171
616,Middle Yellow River Valley,-900,0.4876171
617,Middle Yellow River Valley,-800,0.4876171
618,Middle Yellow River Valley,-700,0.4876171
619,Middle Yellow River Valley,-600,0.4876171
620,Middle Yellow River Valley,-500,0.4876171
621,Middle Yellow River Valley,-400,0.4876171
622,Middle Yellow River Valley,-300,0.4876171
623,Middle Yellow River Valley,-200,0.4876171
624,Middle Yellow River Valley,-100,0.4876171
625,Middle Yellow River Valley,0,0.574085666
626,Middle Yellow River Valley,100,0.574085666
627,Middle Yellow River Valley,200,0.655732779
628,Middle Yellow River Valley,300,0.655732779
629,Middle Yellow River Valley,400,0.655732779
630,Middle Yellow River Valley,500,0.655732779
631,Middle Yellow River Valley,600,0.702887738
632,Middle Yellow River Valley,700,0.747458328
633,Middle Yellow River Valley,800,0.749939028
634,Middle Yellow River Valley,900,0.75958865
635,Middle Yellow River Valley,1000,0.762132679
636,Middle Yellow River Valley,1100,0.704473279
637,Middle Yellow River Valley,1200,0.704473279
638,Middle Yellow River Valley,1300,0.704473279
639,Middle Yellow River Valley,1400,0.731670058
640,Middle Yellow River Valley,1500,0.771016729
641,Middle Yellow River Valley,1600,0.895104819
642,Middle Yellow River Valley,1700,0.900683872
643,Middle Yellow River Valley,1800,0.90133807
644,Middle Yellow River Valley,1900,0.89659903
645,Middle Yellow River Valley,2000,0.848069228
646,Middle Yellow River Valley,2100,0.890541465
647,Middle Yellow River Valley,2200,0.825947414
648,Middle Yellow River Valley,2300,0.849547752
649,Middle Yellow River Valley,2400,0.864402179
650,Middle Yellow River Valley,2500,0.906258508
651,Middle Yellow River Valley,2600,0.892096251
652,Middle Yellow River Valley,2700,0.889191581
653,Middle Yellow River Valley,2800,0.971185143
654,Middle Yellow River Valley,2900,0.977846624
655,Middle Yellow River Valley,3000,0.913159337
656,Middle Yellow River Valley,3100,0.963722822
657,Middle Yellow River Valley,3200,0.898061339
658,Middle Yellow River Valley,3300,0.916773364
659,Middle Yellow River Valley,3400,0.930700487
660,Middle Yellow River Valley,3500,0.984760459
661,Middle Yellow River Valley,3600,0.992244568
662,Middle Yellow River Valley,3700,0.996386254
663,Kachi Plain,-5000,0.157367633
664,Kachi Plain,-4900,0.157367633
665,Kachi Plain,-4800,0.157367633
666,Kachi Plain,-4700,0.157367633
667,Kachi Plain,-4600,0.157367633
668,Kachi Plain,-4500,0.157367633
669,Kachi Plain,-4400,0.157367633
670,Kachi Plain,-4300,0.157367633
671,Kachi Plain,-4200,0.157367633
672,Kachi Plain,-4100,0.157367633
673,Kachi Plain,-4000,0.157367633
674,Kachi Plain,-3900,0.157367633
675,Kachi Plain,-3800,0.157367633
676,Kachi Plain,-3700,0.157367633
677,Kachi Plain,-3600,0.157367633
678,Kachi Plain,-3500,0.157367633
679,Kachi Plain,-3400,0.157367633
680,Kachi Plain,-3300,0.157367633
681,Kachi Plain,-3200,0.157367633
682,Kachi Plain,-3100,0.157367633
683,Kachi Plain,-3000,0.153641968
684,Kachi Plain,-2900,0.153641968
685,Kachi Plain,-2800,0.153641968
686,Kachi Plain,-2700,0.153641968
687,Kachi Plain,-2600,0.153641968
688,Kachi Plain,-2500,0.153641968
689,Kachi Plain,-2400,0.153641968
690,Kachi Plain,-2300,0.153641968
691,Kachi Plain,-2200,0.153641968
692,Kachi Plain,-2100,0.153641968
693,Kachi Plain,-2000,0.153641968
694,Kachi Plain,-1900,0.153641968
695,Kachi Plain,-1800,0.153641968
696,Kachi Plain,-1700,0.153641968
697,Kachi Plain,-1600,0.153641968
698,Kachi Plain,-1500,0.237159943
699,Kachi Plain,-1400,0.237159943
700,Kachi Plain,-1300,0.237159943
701,Kachi Plain,-1200,0.237159943
702,Kachi Plain,-1100,0.237159943
703,Kachi Plain,-1000,0.237159943
704,Kachi Plain,-900,0.237159943
705,Kachi Plain,-800,0.237159943
706,Kachi Plain,-700,0.242889678
707,Kachi Plain,-600,0.242889678
708,Kachi Plain,-500,0.242889678
709,Kachi Plain,-400,0.242889678
710,Kachi Plain,-300,0.242889678
711,Kachi Plain,-200,0.242889678
712,Kachi Plain,-100,0.242889678
713,Kachi Plain,0,0.679867383
714,Kachi Plain,100,0.679867383
715,Kachi Plain,200,0.679867383
716,Kachi Plain,300,0.679867383
717,Kachi Plain,400,0.679867383
718,Kachi Plain,500,0.679867383
719,Kachi Plain,600,0.679867383
720,Kachi Plain,700,0.25563096
721,Kachi Plain,800,0.25563096
722,Kachi Plain,900,0.25563096
723,Kachi Plain,1000,0.25563096
724,Kachi Plain,1100,0.25563096
725,Kachi Plain,1200,0.276091959
726,Kachi Plain,1300,0.276091959
727,Kachi Plain,1400,0.276091959
728,Kachi Plain,1500,0.276091959
729,Kachi Plain,1600,0.276091959
730,Kachi Plain,1700,0.276091959
731,Kachi Plain,1800,0.276091959
732,Kachi Plain,1900,0.276091959
733,Kachi Plain,2000,0.887021376
734,Kachi Plain,2100,0.884931562
735,Kachi Plain,2200,0.865241805
736,Kachi Plain,2300,0.865241805
737,Kachi Plain,2400,0.761260892
738,Kachi Plain,2500,0.836338546
739,Kachi Plain,2600,0.810552424
740,Kachi Plain,2700,0.806141972
741,Kachi Plain,2800,0.806545958
742,Kachi Plain,2900,0.819902671
743,Kachi Plain,3000,0.803125862
744,Kachi Plain,3100,0.874001984
745,Kachi Plain,3200,0.841906264
746,Kachi Plain,3300,0.8674214
747,Kachi Plain,3400,0.721539645
748,Kachi Plain,3500,0.709890194
749,Kachi Plain,3600,0.672250038
750,Kachi Plain,3700,0.829796518
751,Kachi Plain,3800,0.91423367
752,Kachi Plain,3900,0.710320076
753,Kachi Plain,4000,0.715172494
754,Kachi Plain,4100,0.847881201
755,Kachi Plain,4200,0.894917238
756,Kachi Plain,4300,0.69177788
757,Yemeni Coastal Plain,0,0.729009922
758,Yemeni Coastal Plain,100,0.729009922
759,Yemeni Coastal Plain,200,0.874001984
760,Yemeni Coastal Plain,300,0.841906264
761,Yemeni Coastal Plain,500,0.686558983
762,Yemeni Coastal Plain,600,0.686558983
763,Yemeni Coastal Plain,700,0.802860511
764,Yemeni Coastal Plain,800,0.839821765
765,Yemeni Coastal Plain,900,0.80171977
766,Yemeni Coastal Plain,1000,0.80171977
767,Yemeni Coastal Plain,1100,0.79706218
768,Yemeni Coastal Plain,1200,0.958306584
769,Yemeni Coastal Plain,1300,0.568927825
770,Yemeni Coastal Plain,1400,0.568927825
